{"cameraMode":{"drawMode":0,"name":"Shaded","section":"Shading Mode"},"sceneLighting":true,"audioPlay":false,"sceneViewState":{"m_AlwaysRefresh":false,"showFog":true,"showSkybox":true,"showFlares":true,"showImageEffects":true,"showParticleSystems":true,"showVisualEffectGraphs":true,"m_FxEnabled":true},"in2DMode":false,"pivot":{"x":1.6168150901794434,"y":-5.974460601806641,"z":4.706493377685547},"rotation":{"x":0.39739933609962466,"y":-0.05318456515669823,"z":0.02306210994720459,"w":0.9158419966697693},"size":13.542766571044922,"orthographic":false}